piece_cid,piece_size,car_file_name
baga6ea4seaqakqei7ne6el62g7jqsdklc67iplvloc5mlcz5o6kuketicgad2ji,34359738368,4e1ee33ad9f6e474b76fcb0272d00a9c_baga6ea4seaqakqei7ne6el62g7jqsdklc67iplvloc5mlcz5o6kuketicgad2ji.car
baga6ea4seaqa5fntokponqfxpzlcey44zhuuhwievxjr56wy5o2s3xl7pwfd4ky,34359738368,29b47f043d0fdca080fcc009dbdf859b_baga6ea4seaqa5fntokponqfxpzlcey44zhuuhwievxjr56wy5o2s3xl7pwfd4ky.car
baga6ea4seaqf4yrqrt23bgyjgfgce5h22iyysbbhl6gyaxz3qgsp2amo45lkkoi,34359738368,6a79620835280a93101f6121a3453a6d_baga6ea4seaqf4yrqrt23bgyjgfgce5h22iyysbbhl6gyaxz3qgsp2amo45lkkoi.car
baga6ea4seaqoghtdi2iwamyvgcnk5pporfw76cxgn6rtfbqmawgc6jtjhdvzqmq,34359738368,cfa7dabb07e4b4e4fbcb45f88b0515b6_baga6ea4seaqoghtdi2iwamyvgcnk5pporfw76cxgn6rtfbqmawgc6jtjhdvzqmq.car
baga6ea4seaqm3klmc7sognjxnkyfzg2laafxib7atoyxkl7zsdq33yzkvgvykli,34359738368,f7c36f06f5cc8c51de9462fe372bcd30_baga6ea4seaqm3klmc7sognjxnkyfzg2laafxib7atoyxkl7zsdq33yzkvgvykli.car
baga6ea4seaqmwabvi5xbyhvtzercgfuqugxdpbd4dkjs4ux4sntninivobzukci,34359738368,568ad03f149b5556407a7ce1d1ff59cb_baga6ea4seaqmwabvi5xbyhvtzercgfuqugxdpbd4dkjs4ux4sntninivobzukci.car
baga6ea4seaqn4yao2ad4j2ruoz6ybhq32pftl2hqpabtcy3mya6haqb2u75pedy,34359738368,eef100236eeead38b0545431dc4ab12f_baga6ea4seaqn4yao2ad4j2ruoz6ybhq32pftl2hqpabtcy3mya6haqb2u75pedy.car
baga6ea4seaqhfz7k5jak22jtpwi4x25rvxft6nqch5mn7ptiy7ww2lwr22r2sca,34359738368,cf1c5e1ae526b06ab9573a3105409a47_baga6ea4seaqhfz7k5jak22jtpwi4x25rvxft6nqch5mn7ptiy7ww2lwr22r2sca.car
baga6ea4seaqp7sv6shvwwojzpwpkfe6gfwyba7p7fel25r37er2mu7qy7wjzwci,34359738368,d8180213a4e52d0dae3cccfb436ae609_baga6ea4seaqp7sv6shvwwojzpwpkfe6gfwyba7p7fel25r37er2mu7qy7wjzwci.car
baga6ea4seaqe5p5uap4nezt3xqyvt4e7f45enc6ttmlwg4vz53tax2tr44qpuky,34359738368,e68760a0e44682b1d95811812e610fb9_baga6ea4seaqe5p5uap4nezt3xqyvt4e7f45enc6ttmlwg4vz53tax2tr44qpuky.car
baga6ea4seaqdurh53y52qnm652x4warj32vidhfsryhmo66npsb6mmu7jtkkiea,34359738368,e2b6768099c66c4089b253348a9dfa54_baga6ea4seaqdurh53y52qnm652x4warj32vidhfsryhmo66npsb6mmu7jtkkiea.car
baga6ea4seaqjtwq2w64nswncpnre4kj3r52qlhnkxwb2fgcq6cpv6zbizaygcbi,34359738368,f881b7eff0190c81148db10a97a86601_baga6ea4seaqjtwq2w64nswncpnre4kj3r52qlhnkxwb2fgcq6cpv6zbizaygcbi.car
baga6ea4seaqj7jiyjjknmfx2cr7pjjsvkzjblisdqazsh27k55llsmzh2pzjeaa,34359738368,4cb74d3ee48aa28b0605b52c5eb13078_baga6ea4seaqj7jiyjjknmfx2cr7pjjsvkzjblisdqazsh27k55llsmzh2pzjeaa.car
baga6ea4seaqpewe7comtoylpho72flr277xc5uzd4eghnwixjqfstiqjw7pnmlq,34359738368,46b96fa346fc0566a4a6d1386ea717e1_baga6ea4seaqpewe7comtoylpho72flr277xc5uzd4eghnwixjqfstiqjw7pnmlq.car
baga6ea4seaqombmf5yj66folxnrjj7h32z6l7eana7uynupvjl6cqw6r4i3repi,34359738368,92e372c80f51a4e42d79d75154342b3c_baga6ea4seaqombmf5yj66folxnrjj7h32z6l7eana7uynupvjl6cqw6r4i3repi.car
baga6ea4seaqbt6bks4tjfhuvlwlzyfmcqnhxfplnvcvvgd5jk7bzpwsegupq4cy,34359738368,2883ffe0f196307d1d3f8915d20c8a5a_baga6ea4seaqbt6bks4tjfhuvlwlzyfmcqnhxfplnvcvvgd5jk7bzpwsegupq4cy.car
baga6ea4seaqjz5qay26laqmhoe2rckc3k6mqxjvi3ug7baeuhg77jdgkpppucii,34359738368,46b40b3faf194bce0d409e29d21e1c86_baga6ea4seaqjz5qay26laqmhoe2rckc3k6mqxjvi3ug7baeuhg77jdgkpppucii.car
baga6ea4seaqojtsagrizcedopvrfcz3mdmcpdpsjgku2lso5g4cxozgowvlasoy,34359738368,2fe72b262edc7a5f415db2b697ce6ec7_baga6ea4seaqojtsagrizcedopvrfcz3mdmcpdpsjgku2lso5g4cxozgowvlasoy.car
baga6ea4seaqegnsbvzcjwrcc72ki3yscv6fkkpe4l3aqc2lfq22zeiqzh4nxafq,34359738368,54503d0d2a8c1f47be3aae7d98aeeca4_baga6ea4seaqegnsbvzcjwrcc72ki3yscv6fkkpe4l3aqc2lfq22zeiqzh4nxafq.car
baga6ea4seaqlsiymuft2iw3ylpxozgbrnzgkzzlnpvscdjr3eeolwcodsxdqmjy,34359738368,3a81836f6954d0b5e4e9bc26af6a72b2_baga6ea4seaqlsiymuft2iw3ylpxozgbrnzgkzzlnpvscdjr3eeolwcodsxdqmjy.car
baga6ea4seaqe2k6l7fh3cx2477h4asbifpwdzp5xs64venyje7bzvciqfzstqaa,34359738368,afa1e8b37bff4f23005bf8834962601f_baga6ea4seaqe2k6l7fh3cx2477h4asbifpwdzp5xs64venyje7bzvciqfzstqaa.car
baga6ea4seaqorfpqajjrrtjqu7mt2d6gq3pxkjytki3lpa7igqqrtufmic536ea,34359738368,d5a1141da3f849d734171c754652331b_baga6ea4seaqorfpqajjrrtjqu7mt2d6gq3pxkjytki3lpa7igqqrtufmic536ea.car
baga6ea4seaqjkrxu2ekorpswsbbroxc74ndyztxidp7oszuofujwenz2rqlpuoi,34359738368,941b37856992b5bd6ecafc5ef282e450_baga6ea4seaqjkrxu2ekorpswsbbroxc74ndyztxidp7oszuofujwenz2rqlpuoi.car
baga6ea4seaqem3gqbrwk4oj7ezlb5fpsxrui6vcakdrh37apv2jgwcczyztgcfa,34359738368,a85265274349a1eb3a1d5fa3916c5be9_baga6ea4seaqem3gqbrwk4oj7ezlb5fpsxrui6vcakdrh37apv2jgwcczyztgcfa.car
baga6ea4seaqifauh5ypsgxnarwhrkpw7yd7i4tkgrrxz4x2ghoihvptottycala,34359738368,a50c816143125c20699695e63bce4493_baga6ea4seaqifauh5ypsgxnarwhrkpw7yd7i4tkgrrxz4x2ghoihvptottycala.car
baga6ea4seaqlwgm2uv2qs5sqperlyaxs2mzsjw75uocmzezaz5mgubaldkmxymy,34359738368,b7ebdc6aabc99a083afdb6bb845cc7c5_baga6ea4seaqlwgm2uv2qs5sqperlyaxs2mzsjw75uocmzezaz5mgubaldkmxymy.car
baga6ea4seaqf5ew7ol7vmwteknn3bi4rcx7lw7w7vnjbjjl3i4ptnti5jflmkhq,34359738368,e2fe5ea252a815e4a899a14a24b25222_baga6ea4seaqf5ew7ol7vmwteknn3bi4rcx7lw7w7vnjbjjl3i4ptnti5jflmkhq.car
baga6ea4seaqbniuack2jwff5mj5xcyfhv6y6wh25hqgnlqjofsch5uifpnkjgjy,34359738368,896b6987cbfba7815db4f526477d04c5_baga6ea4seaqbniuack2jwff5mj5xcyfhv6y6wh25hqgnlqjofsch5uifpnkjgjy.car
baga6ea4seaqovuq6d3udsmsad5k6genanim5rp6i2iiwjhh74kg3qlq5jbpg6dq,34359738368,62b86ae0fd3cadb5224947b5a07f5bc9_baga6ea4seaqovuq6d3udsmsad5k6genanim5rp6i2iiwjhh74kg3qlq5jbpg6dq.car
baga6ea4seaqdtuwy2b46yewlgbp2vq4glarncyywfbmjoickvbmp4xdyoso4saq,34359738368,f3cc1a80aef35fe7ee2a381f1607d793_baga6ea4seaqdtuwy2b46yewlgbp2vq4glarncyywfbmjoickvbmp4xdyoso4saq.car
baga6ea4seaqb3s5sqchlmy5lupiwc6d7j2ytzlwdvgq7dgs52p5f4anr7t57cla,34359738368,e690b54f11bf5bfdd634cb93d99d7309_baga6ea4seaqb3s5sqchlmy5lupiwc6d7j2ytzlwdvgq7dgs52p5f4anr7t57cla.car
baga6ea4seaqe5drwvvamjsvzbg7mn2h5j53dbo4zr6ktmf7elnol2ozc24hgsba,34359738368,d209ef87be5364f537c235e9063d4992_baga6ea4seaqe5drwvvamjsvzbg7mn2h5j53dbo4zr6ktmf7elnol2ozc24hgsba.car
baga6ea4seaqhr52fsafay7zvpvbozoqk4u3usv5tkwyhgdmn6ewd3przfymd2lq,34359738368,de31bf001358819c01f53bbe726b791a_baga6ea4seaqhr52fsafay7zvpvbozoqk4u3usv5tkwyhgdmn6ewd3przfymd2lq.car
baga6ea4seaqmkqg4re6drjsgao2xnm4366zoewwsjymzh5e465b5jjkesctmyha,34359738368,891082b63e736d97be3a487b34795ca4_baga6ea4seaqmkqg4re6drjsgao2xnm4366zoewwsjymzh5e465b5jjkesctmyha.car
baga6ea4seaqayopkunb6fp6ii6czy76j4hgl4c3jldbcz2fzfmc5fddacogrmci,34359738368,030b73817e5599144a9dcc74cfe78066_baga6ea4seaqayopkunb6fp6ii6czy76j4hgl4c3jldbcz2fzfmc5fddacogrmci.car
baga6ea4seaqcdb25zowmcxtsmaeualax7qvxlvgfyujzkofgegy6lbrtlhfccbi,34359738368,d8004d5259b1ad3a3275de6b2c33738e_baga6ea4seaqcdb25zowmcxtsmaeualax7qvxlvgfyujzkofgegy6lbrtlhfccbi.car
baga6ea4seaqpce6bhfrg3buyfv2h4byxhpweizysurxhpprtmsdnjim55eqd6cq,34359738368,ea61c03b27d31094cc350eaf4ca61a8d_baga6ea4seaqpce6bhfrg3buyfv2h4byxhpweizysurxhpprtmsdnjim55eqd6cq.car
baga6ea4seaqnr5jrzalt65jr3h664nwzudzbcesqkimo5tykpmjwbiyv6yzjkmi,34359738368,c6d9f35a5e098773f3e9a187d82c7894_baga6ea4seaqnr5jrzalt65jr3h664nwzudzbcesqkimo5tykpmjwbiyv6yzjkmi.car
baga6ea4seaqb3yx23j2hxnpvav7z3urkvbbvxhnlaz6rjt7u3gybcdjlbzlhsii,34359738368,1dbcb2d147fc15a21ac386cfe67c6cbd_baga6ea4seaqb3yx23j2hxnpvav7z3urkvbbvxhnlaz6rjt7u3gybcdjlbzlhsii.car
baga6ea4seaqk4wpfn5xcxwjk466wdjghn43u2gyavstnmvzamx56w3zs3bexqla,34359738368,b8b2ed1f8748928c8f49d878daad7514_baga6ea4seaqk4wpfn5xcxwjk466wdjghn43u2gyavstnmvzamx56w3zs3bexqla.car
baga6ea4seaqjfpkqya4cgdicbo66whdnkq4l23utignvzhdj3x3fug7anbi3yai,34359738368,e39400286142140a3b97e7a5daafac1a_baga6ea4seaqjfpkqya4cgdicbo66whdnkq4l23utignvzhdj3x3fug7anbi3yai.car
baga6ea4seaqkidtjo647w5rbpqycjdizloqgrwtvbjtc6lxlvk3u2wozjtd36iq,34359738368,3234cdb8afa02694574772b2132d29fc_baga6ea4seaqkidtjo647w5rbpqycjdizloqgrwtvbjtc6lxlvk3u2wozjtd36iq.car
baga6ea4seaqapzilf56ribggu5wmgvrc3jxvnr32mct7rksa6ui4vgdcotx52ji,34359738368,aa29635d30ff1eb6010fe9e8684bd58c_baga6ea4seaqapzilf56ribggu5wmgvrc3jxvnr32mct7rksa6ui4vgdcotx52ji.car
baga6ea4seaql7extnnhudv5mc36ahax26byblbnelqa3kbzqiz5xvsp424b24fq,34359738368,763c54c55f0b3fee307401139e1ff94e_baga6ea4seaql7extnnhudv5mc36ahax26byblbnelqa3kbzqiz5xvsp424b24fq.car
baga6ea4seaqi6sudl7n6b7suhcjxjm2gpp4tbfbjsact5efcqmvjayaeuhjmkjy,34359738368,6ea3480324d8ae7b8e9580f747a63c55_baga6ea4seaqi6sudl7n6b7suhcjxjm2gpp4tbfbjsact5efcqmvjayaeuhjmkjy.car
baga6ea4seaqlo47khr36kcb4ijmh7wo7t3ogqkhaworurvsnjcvonpoetyfxani,34359738368,12c58724a161b809e2fc45e77d95197c_baga6ea4seaqlo47khr36kcb4ijmh7wo7t3ogqkhaworurvsnjcvonpoetyfxani.car
baga6ea4seaqgqxtgvzypmuws6qy6rtgni2vc27b5uqjdzh2pfwh6voukgnpxkey,34359738368,17f25dbe7afceeaf8eee5e3b93a5dcc4_baga6ea4seaqgqxtgvzypmuws6qy6rtgni2vc27b5uqjdzh2pfwh6voukgnpxkey.car
baga6ea4seaqmfxe4g7jdfvy7m6x2hhnje5hu67djmxshp7e4aaypksl7hq3pcbi,34359738368,59a5152efb9ccb30c40d8782f01d877a_baga6ea4seaqmfxe4g7jdfvy7m6x2hhnje5hu67djmxshp7e4aaypksl7hq3pcbi.car
baga6ea4seaqkmmxedd4qr4iu56uk4yd4mks5m4jqqmhr6kdomtbkftib4sbrina,34359738368,8c4fd45c77963528b6838f82a19dbfc3_baga6ea4seaqkmmxedd4qr4iu56uk4yd4mks5m4jqqmhr6kdomtbkftib4sbrina.car
baga6ea4seaqkrar653o6csloppp4lvs22p3gzrewqfy6sdascqj6qupjj7yhuli,34359738368,ad647295ad376e261d6522cc99755e4b_baga6ea4seaqkrar653o6csloppp4lvs22p3gzrewqfy6sdascqj6qupjj7yhuli.car
baga6ea4seaqafbdji3jx6mgn3d5vhk3b3pwuknnpajngqangcqemxrsf2c7zooq,34359738368,1cccbfad0b71c1607037e82bff0e2c4c_baga6ea4seaqafbdji3jx6mgn3d5vhk3b3pwuknnpajngqangcqemxrsf2c7zooq.car
baga6ea4seaqbx7yb5lkxjttn3m7c5u3bpgmr6yukefwviygti6ql7douotsziey,34359738368,3450e6b568ecb737d6cbb85b6511f550_baga6ea4seaqbx7yb5lkxjttn3m7c5u3bpgmr6yukefwviygti6ql7douotsziey.car
baga6ea4seaqcxs6u5oupgjhtaxxd7a3xrc6jezwt4fua4pnpd2rok2fb77ix2oa,34359738368,d23c99e7e7fd2dbdd21932e237cd83e9_baga6ea4seaqcxs6u5oupgjhtaxxd7a3xrc6jezwt4fua4pnpd2rok2fb77ix2oa.car
baga6ea4seaqml3d7felijkd4isnyib2qdjnol4rctx3yoyopshhpmtgwmkhlcbq,34359738368,cf9e59324928cc7215af0db42a72ec24_baga6ea4seaqml3d7felijkd4isnyib2qdjnol4rctx3yoyopshhpmtgwmkhlcbq.car
baga6ea4seaqkrwvh4rehbmu5lpdyxromqk277uwbybqmwe432bvk5vvfl57cujq,34359738368,556b33d58accab789cec09177e57abee_baga6ea4seaqkrwvh4rehbmu5lpdyxromqk277uwbybqmwe432bvk5vvfl57cujq.car
baga6ea4seaqb2iwy4ag426646kkthzrgixbir4r5cpt3w5rw6telxhxmajiomja,34359738368,e43486eea80a4f06e670cef7d70b45cd_baga6ea4seaqb2iwy4ag426646kkthzrgixbir4r5cpt3w5rw6telxhxmajiomja.car
baga6ea4seaqpehbur5bdcvdjreq6lmjlmib72ofsumhx5teq7h6ecnlm77ecygq,34359738368,9657cd3fa2c69498e7083b027da1cb66_baga6ea4seaqpehbur5bdcvdjreq6lmjlmib72ofsumhx5teq7h6ecnlm77ecygq.car
baga6ea4seaqmghwxnv6inttbubobhllkrnszh6tt2p65mmbzwrfd6xczds7zupy,34359738368,fe0074c5af8e4b844415e5599a8a06d9_baga6ea4seaqmghwxnv6inttbubobhllkrnszh6tt2p65mmbzwrfd6xczds7zupy.car
baga6ea4seaqamc7vlfkz3rk2rdxhqthpo3hnvuqmrjn24lar5ruh2evtxahggba,34359738368,5ebacd980d66250d17b3c49991989987_baga6ea4seaqamc7vlfkz3rk2rdxhqthpo3hnvuqmrjn24lar5ruh2evtxahggba.car
baga6ea4seaqaormnjlo4zdmdjttute72qf2dnkbslacoqla57bnxx3uey7zvuii,34359738368,c974f2d6a124ad8d125054428848561b_baga6ea4seaqaormnjlo4zdmdjttute72qf2dnkbslacoqla57bnxx3uey7zvuii.car
baga6ea4seaqbboo3p6bjcs4py4n2zgt7q4afmphlxw7t4mclxh3tc7k7dqwnmmy,34359738368,62828274789318802206aae511a621c7_baga6ea4seaqbboo3p6bjcs4py4n2zgt7q4afmphlxw7t4mclxh3tc7k7dqwnmmy.car
baga6ea4seaqdxet5vyzfd6zg2z3ahkzbzkviq6cupcoro365gwnvkgt666bimjq,34359738368,48cc91ea08a41253a27e564dfb3116d1_baga6ea4seaqdxet5vyzfd6zg2z3ahkzbzkviq6cupcoro365gwnvkgt666bimjq.car
baga6ea4seaqhlxdwpb7r7lejywm3od7rnfebgmmhhz754jezdu6ry3vjibaswja,34359738368,a41763c746fd5c40101d1719576702c2_baga6ea4seaqhlxdwpb7r7lejywm3od7rnfebgmmhhz754jezdu6ry3vjibaswja.car
baga6ea4seaqonnzgxhpkethjih27exlwdwmky3k4q7wvc4yvytnkmzwsr2e62bq,34359738368,bbc0feee01737a410440a6b28e31c0d9_baga6ea4seaqonnzgxhpkethjih27exlwdwmky3k4q7wvc4yvytnkmzwsr2e62bq.car
baga6ea4seaqpvmlglqgwyyhbmjcak2p5awesgoopz7mcvh3ty6i2ailqkcbp4nq,34359738368,57207760970d1d661a2cb7387c1b9b32_baga6ea4seaqpvmlglqgwyyhbmjcak2p5awesgoopz7mcvh3ty6i2ailqkcbp4nq.car
baga6ea4seaqdvne73hhztu2jielcdtfxbpoo3qtzue3bl4gyiqt7h7s4oiejcmi,34359738368,068171ff9d8f48ba2bffc7319d501964_baga6ea4seaqdvne73hhztu2jielcdtfxbpoo3qtzue3bl4gyiqt7h7s4oiejcmi.car
baga6ea4seaqkafh7rd2lzukdht4hcddisxy4ecntzxcsg75g6b6rq3ag2iblkhy,34359738368,e29d121639a5bf9fb3852000463ca060_baga6ea4seaqkafh7rd2lzukdht4hcddisxy4ecntzxcsg75g6b6rq3ag2iblkhy.car
baga6ea4seaqosjnknkvbobm77oy6r4lssxznrx5ovrfvrf55g2kmblqalb7uedi,34359738368,b590213109713dfc288e825630fed885_baga6ea4seaqosjnknkvbobm77oy6r4lssxznrx5ovrfvrf55g2kmblqalb7uedi.car
baga6ea4seaqp2gnxtsjazcgykhqyncni2s524fbjoekjds7adaummkcdtijl2by,34359738368,3ff47ef62d319f31c74c1aeaa81f87fa_baga6ea4seaqp2gnxtsjazcgykhqyncni2s524fbjoekjds7adaummkcdtijl2by.car
baga6ea4seaqnm7ycm5l3syllce5c445u254c5ou2u4noll3qocrdthnub4orwna,34359738368,251c634760c72af53f2917d760e1a0f1_baga6ea4seaqnm7ycm5l3syllce5c445u254c5ou2u4noll3qocrdthnub4orwna.car
baga6ea4seaqgqscav5xmrf6qa6xzzovkyuuutzxvx34lpe4rxx5nm4lqiauuwoa,34359738368,488b5b81c208953b58140a4ee847aadb_baga6ea4seaqgqscav5xmrf6qa6xzzovkyuuutzxvx34lpe4rxx5nm4lqiauuwoa.car
baga6ea4seaqhlvgc2hud2ewmg5qgftzaboiuetibzuqeomawp5pkrqhkvr5okgy,34359738368,309bf5498916686d1641f70ccab29a73_baga6ea4seaqhlvgc2hud2ewmg5qgftzaboiuetibzuqeomawp5pkrqhkvr5okgy.car
baga6ea4seaqhxnwsjc3bq43qwpcsjdndtthmijnbqhtjnegtgaogerrv44boiby,34359738368,278691d1f45e0c65647d5e8eb05d2c9b_baga6ea4seaqhxnwsjc3bq43qwpcsjdndtthmijnbqhtjnegtgaogerrv44boiby.car
baga6ea4seaqdvwgj4aomk4sm5kemz262e6n66mrcohowe75msgppmczx2laz6ei,34359738368,5c755d1bd9c16501176330ec9791c72d_baga6ea4seaqdvwgj4aomk4sm5kemz262e6n66mrcohowe75msgppmczx2laz6ei.car
baga6ea4seaqpsr26xbkb2mepta4db44v32cdeoois5dffcbye2c7pzl4pjdmqdi,34359738368,0a90a3d30dbf77c37feb32e849110d8f_baga6ea4seaqpsr26xbkb2mepta4db44v32cdeoois5dffcbye2c7pzl4pjdmqdi.car
baga6ea4seaqlycywc5je7p3db2d27gi3basan22shtfmwsai7i4eyez5tv76coq,34359738368,fe75b376eaaa738e8fe35a1becc8219e_baga6ea4seaqlycywc5je7p3db2d27gi3basan22shtfmwsai7i4eyez5tv76coq.car
baga6ea4seaqkxng53aphe7xlu24t5n4c3yhqwmwl5yge7sd4tk4sm2eijsg54ly,34359738368,a3a2de0981520a7158e8dca694eab009_baga6ea4seaqkxng53aphe7xlu24t5n4c3yhqwmwl5yge7sd4tk4sm2eijsg54ly.car
baga6ea4seaqkc55mw5shlssszwmni2shp6epfu5rxksmhb577myjkofws5jaelq,34359738368,45f3c60b22ad93ad60aeea063b9239b9_baga6ea4seaqkc55mw5shlssszwmni2shp6epfu5rxksmhb577myjkofws5jaelq.car
baga6ea4seaqkfx732zlumwnulskzplap6fozr4q5m3krtr3aaxmb5i52e5xj6fq,34359738368,16cf72bd4046443eacb066ab4e5e2476_baga6ea4seaqkfx732zlumwnulskzplap6fozr4q5m3krtr3aaxmb5i52e5xj6fq.car
baga6ea4seaqng35n4jrx66pwa5zplshchpycfxvrfb43ij7xoryhj6vwy5ybkai,34359738368,9ef5d2dfae9e2de781a66c32b0b07450_baga6ea4seaqng35n4jrx66pwa5zplshchpycfxvrfb43ij7xoryhj6vwy5ybkai.car
baga6ea4seaqgjwtdfim6cxrapx4menzc7rpaogdldyfljx2hdp7v7pvrej5gsmy,34359738368,e9a422f9728afce672f23737d5229a2d_baga6ea4seaqgjwtdfim6cxrapx4menzc7rpaogdldyfljx2hdp7v7pvrej5gsmy.car
baga6ea4seaqeetrizhe2me5lucvh6makuuvne3mboqe5gouicmxsxnapd2r32py,34359738368,4ad3b06c38891ed357f752c290e99849_baga6ea4seaqeetrizhe2me5lucvh6makuuvne3mboqe5gouicmxsxnapd2r32py.car
baga6ea4seaqfqhbyty64volqjviwd6q2jrwpohpu2n3srs63avbkrbor3nyh2ey,34359738368,1edee208f1afd707d47e4ff443df1a9d_baga6ea4seaqfqhbyty64volqjviwd6q2jrwpohpu2n3srs63avbkrbor3nyh2ey.car
baga6ea4seaqnbbip7hh6j3f2pm5gpdy2lz6aaltqpcqplzaejewamrdut6lnipq,34359738368,8030490fbe75b27d4e5b01e40beb73b2_baga6ea4seaqnbbip7hh6j3f2pm5gpdy2lz6aaltqpcqplzaejewamrdut6lnipq.car
baga6ea4seaqjxxgv2dagjiz3y6g5xc4gqgjampwjuuj66u7v636cwmj5j4keoei,34359738368,4acf880f08418a7c489450c7f3e47f72_baga6ea4seaqjxxgv2dagjiz3y6g5xc4gqgjampwjuuj66u7v636cwmj5j4keoei.car
baga6ea4seaqdal4dn6ydhr6cl42caerorwra3dtvbpdbnhvvpw6sslrdozirudy,34359738368,fe62d3efe8d8ea3f1a8afe1a63360500_baga6ea4seaqdal4dn6ydhr6cl42caerorwra3dtvbpdbnhvvpw6sslrdozirudy.car
baga6ea4seaqgsbhon4ilemmivga375jebrhldt6mw3wadikzak5n7yukce7xcbi,34359738368,5f0468a14de886b70b3bac6f8b014391_baga6ea4seaqgsbhon4ilemmivga375jebrhldt6mw3wadikzak5n7yukce7xcbi.car
baga6ea4seaqbt2gg7sufqcimafqxdrhc6ijoyadvotdqj34llvmnflhcnug7way,34359738368,d7f067d3741c99ae48854b1a939c54f7_baga6ea4seaqbt2gg7sufqcimafqxdrhc6ijoyadvotdqj34llvmnflhcnug7way.car
baga6ea4seaql6kqwgxjbt3ryfv4naewxxkooywu72nkpolxhcvswzsiz7hvwogq,34359738368,e50a59d0d1758217351a8ee6e62ceeeb_baga6ea4seaql6kqwgxjbt3ryfv4naewxxkooywu72nkpolxhcvswzsiz7hvwogq.car
baga6ea4seaqodjeulpe4tgj5zet2nyyrvq2qeo43snw3vvrp32rrcdxgu6yfoja,34359738368,707584bedb737c3a1529d6857e646b00_baga6ea4seaqodjeulpe4tgj5zet2nyyrvq2qeo43snw3vvrp32rrcdxgu6yfoja.car
baga6ea4seaqmc2fddegcqedwfllmi5kfj7falttrsjvtowskvweirpjo2m6mapi,34359738368,892f8cb73a1e51258dfc7be652f1afd7_baga6ea4seaqmc2fddegcqedwfllmi5kfj7falttrsjvtowskvweirpjo2m6mapi.car
baga6ea4seaqj72n3bxcc3d67uswzhkc52semlvaj3o7l2qo5ur2ov5agldimany,34359738368,c7e530418eaa4dd08eef12678be760d7_baga6ea4seaqj72n3bxcc3d67uswzhkc52semlvaj3o7l2qo5ur2ov5agldimany.car
baga6ea4seaqkxwluhmsdoql2dutg3mmombqwxmftbj65egsakziiz7kq3jouwpy,34359738368,92c52fe5cfe17da513bb69396727a0e1_baga6ea4seaqkxwluhmsdoql2dutg3mmombqwxmftbj65egsakziiz7kq3jouwpy.car
baga6ea4seaqbnluvg7bmx2o3kl74qay6ygqgzr6vyniouvlqrexs4jqcani34py,34359738368,9225054f77fa25c4e8d575ffafd03688_baga6ea4seaqbnluvg7bmx2o3kl74qay6ygqgzr6vyniouvlqrexs4jqcani34py.car
baga6ea4seaqdnpsguwx2pqybdxkmqp5yk4dcs3hke4ozewtw3gurs7ayp4pl4ly,34359738368,c953230c482559a6524e3cb0ac9176ed_baga6ea4seaqdnpsguwx2pqybdxkmqp5yk4dcs3hke4ozewtw3gurs7ayp4pl4ly.car
baga6ea4seaqakz4rxyh4pnx4m6vwqx2tx6ylvmij2calvdsetnllczevxuokydy,34359738368,e60198773bea066f1603cbf1870009ee_baga6ea4seaqakz4rxyh4pnx4m6vwqx2tx6ylvmij2calvdsetnllczevxuokydy.car
baga6ea4seaqeggnb5pefauybrhda6max36poz62qfxjicqkzhldx457ukoczyfi,34359738368,b79fc0e1676f835c0bf38c4928ae8a58_baga6ea4seaqeggnb5pefauybrhda6max36poz62qfxjicqkzhldx457ukoczyfi.car
baga6ea4seaqnlt67wbx4isnafqpjulvk42b4o62d53s2rqxtn3puxy2aarfdkka,34359738368,9eb8f155b6d904c7ecf3e40efefb4de5_baga6ea4seaqnlt67wbx4isnafqpjulvk42b4o62d53s2rqxtn3puxy2aarfdkka.car
baga6ea4seaqjl6fstd3tjf6cg4dx3c7jixpwjr5kepadqgqwbovnmgwvvv7coii,34359738368,0b944e31c08ddec46bd7f58f4056ef3a_baga6ea4seaqjl6fstd3tjf6cg4dx3c7jixpwjr5kepadqgqwbovnmgwvvv7coii.car
baga6ea4seaqhvgzlrwtqzd5reolpix5fq6enzrenldekuavhmpimdyq6niy6qmq,34359738368,9cc504c8c4a734f82e59b2188273e7f3_baga6ea4seaqhvgzlrwtqzd5reolpix5fq6enzrenldekuavhmpimdyq6niy6qmq.car
baga6ea4seaqkpiedypjazyzkzcjiinwcv24g563oprnhwyuderqkgdkpvzogmaq,34359738368,ebeb2ea1724b2cb4e26629cb7da3ebf2_baga6ea4seaqkpiedypjazyzkzcjiinwcv24g563oprnhwyuderqkgdkpvzogmaq.car
baga6ea4seaqi5lfm7jht7riexiiy5tp6t4cihjricdilmziryduf5htw2go24nq,34359738368,b109104b44f9e2ab27a11252c2ba6cf5_baga6ea4seaqi5lfm7jht7riexiiy5tp6t4cihjricdilmziryduf5htw2go24nq.car
baga6ea4seaqekpbyipfe6fvuenpqixyras3y6tk6kxzdbsbh43e6kshqul74iga,34359738368,1be28a08b13245536e5dc2a142916176_baga6ea4seaqekpbyipfe6fvuenpqixyras3y6tk6kxzdbsbh43e6kshqul74iga.car
baga6ea4seaqk3w7xcp5nfhepnl25t42zw5yhgpqk3visdsny2wls6e27m7xnuoa,34359738368,ab3c1f7fc99aad50d2a9fd2ceffbdee7_baga6ea4seaqk3w7xcp5nfhepnl25t42zw5yhgpqk3visdsny2wls6e27m7xnuoa.car
baga6ea4seaqg5cwinqbzn4a52vw2ylfkufly37hjul6ad4olk6ub3bccb5o5qhi,34359738368,3c200675fa5891c33a36f7122d9462b7_baga6ea4seaqg5cwinqbzn4a52vw2ylfkufly37hjul6ad4olk6ub3bccb5o5qhi.car
baga6ea4seaqcvwytglaseglqrxkrqnb56k4ttfkgyhlsrzspwtxjkflgiz3zsja,34359738368,6dda2fb9969b3a42505def2c7a386c56_baga6ea4seaqcvwytglaseglqrxkrqnb56k4ttfkgyhlsrzspwtxjkflgiz3zsja.car
baga6ea4seaqkitfanz6ylypzvqnmcl3irbmhbgavjsfkxzzaj4f7gaeisdkyyjq,34359738368,dd517196b55e395655280441bcda7a2d_baga6ea4seaqkitfanz6ylypzvqnmcl3irbmhbgavjsfkxzzaj4f7gaeisdkyyjq.car
baga6ea4seaqm6e4lzl56vngdqgbudcxk3q3uqhoqqhvoswpd4vfzoekjoqxv2ei,34359738368,4ed5da9095f8bf976194d7580f294de9_baga6ea4seaqm6e4lzl56vngdqgbudcxk3q3uqhoqqhvoswpd4vfzoekjoqxv2ei.car
baga6ea4seaqkq3mkgb2lakkvdytxe5w3ub45kqa443w42exixjxt3amapkt2eni,34359738368,504ec566296f3ff43c4e9d40043f6b0f_baga6ea4seaqkq3mkgb2lakkvdytxe5w3ub45kqa443w42exixjxt3amapkt2eni.car
baga6ea4seaqoeol3v4ptykndx4ub4w2t2x5ubqxf4khpbzmkizlow6rbgk7y6hq,34359738368,930839415912222c198159eb1a6b8fda_baga6ea4seaqoeol3v4ptykndx4ub4w2t2x5ubqxf4khpbzmkizlow6rbgk7y6hq.car
baga6ea4seaqlhr4i3ayx3evveg5nwxosoxze4thgradkpdq5qcrnxpx45jvvmii,34359738368,5c220c70fa2eb996e9cd0d9c18f4f2ad_baga6ea4seaqlhr4i3ayx3evveg5nwxosoxze4thgradkpdq5qcrnxpx45jvvmii.car
baga6ea4seaqg2rpzlzhbe55sutuzb36qutrmzjoaat56lqcznnd7n4urwzwe6ay,34359738368,404fb7c6471d79a7744de8d807ed74c9_baga6ea4seaqg2rpzlzhbe55sutuzb36qutrmzjoaat56lqcznnd7n4urwzwe6ay.car
baga6ea4seaqemzmekhx3acf2ybnynd7ambyzh4shy6iye3qq3yzthjbv4er56ii,34359738368,b2fd41a1857eebb9b1ce11b6b37d6784_baga6ea4seaqemzmekhx3acf2ybnynd7ambyzh4shy6iye3qq3yzthjbv4er56ii.car
baga6ea4seaqff3mp2dt3s4iwoy3l6zw2fhtago3bz3stapup5lp2bbiwnrawski,34359738368,a7bc6f318b8caad6c9bb303df48ce66b_baga6ea4seaqff3mp2dt3s4iwoy3l6zw2fhtago3bz3stapup5lp2bbiwnrawski.car
baga6ea4seaqhktmcf7nq2bjkd67v2avvuynecd6qxjlybiwjktkdejtkvcq7kma,34359738368,307891a96d395e69c07673f538c201cd_baga6ea4seaqhktmcf7nq2bjkd67v2avvuynecd6qxjlybiwjktkdejtkvcq7kma.car
baga6ea4seaqgnu44oxqvzwtpiim324ldi276balw6kwbmprbmrdwnk4fnumksii,34359738368,0cb304072b64f54b4db2c250dfc705d0_baga6ea4seaqgnu44oxqvzwtpiim324ldi276balw6kwbmprbmrdwnk4fnumksii.car
baga6ea4seaqbgad4gcqxhihfgy7iwveqdzmycz6u525d52jmdp7n443ghon4spa,34359738368,d096a9459092042859798c38c3275cee_baga6ea4seaqbgad4gcqxhihfgy7iwveqdzmycz6u525d52jmdp7n443ghon4spa.car
baga6ea4seaqmp2hsrax4imvbqy6jxs2lgtmk7hwkmfl66zm72dl3kehpr75twia,34359738368,9c387ed40377eb0b2752c99fd143872a_baga6ea4seaqmp2hsrax4imvbqy6jxs2lgtmk7hwkmfl66zm72dl3kehpr75twia.car
baga6ea4seaqklrtmqxufmsygshd7t7tidknoelk2tzl257ynagbv3a5o7kl4chq,34359738368,a03e4de4057a4f19da23feeee19b7956_baga6ea4seaqklrtmqxufmsygshd7t7tidknoelk2tzl257ynagbv3a5o7kl4chq.car
baga6ea4seaqfkwkfg5l3pbadsp7lhofx2vnd5inhj6ydcul5jy5ka367jqdn4jy,34359738368,a4e203dea44ed3f3a250b75e925d4085_baga6ea4seaqfkwkfg5l3pbadsp7lhofx2vnd5inhj6ydcul5jy5ka367jqdn4jy.car
baga6ea4seaqn4ripaznlw4ymq5ky74ymlb26olgwzwa6kb42x2aje7cz6d3w6nq,34359738368,8d23d1cd4b305b6a681616ef98e339c9_baga6ea4seaqn4ripaznlw4ymq5ky74ymlb26olgwzwa6kb42x2aje7cz6d3w6nq.car
baga6ea4seaqds6fc5zgoyoqt3xxrthas4ylc2rjgjfaxp2tfvyxywqiyazjduhq,34359738368,b86d254a1ae336a877c8ac5eb43c5538_baga6ea4seaqds6fc5zgoyoqt3xxrthas4ylc2rjgjfaxp2tfvyxywqiyazjduhq.car
baga6ea4seaqgadfa5yqvicz2kz6cijtxqlo6x2tyt242h2hk25zxiwee6zh62ei,34359738368,1a6c19cbef13f030c100b415f06b5b68_baga6ea4seaqgadfa5yqvicz2kz6cijtxqlo6x2tyt242h2hk25zxiwee6zh62ei.car
baga6ea4seaqolfpl4wflt5syuby5ypwaqwlmwyigeehlmopl2b2v3lxea33vwoi,34359738368,b9f110e00be8bc0582b1fbade0760f6f_baga6ea4seaqolfpl4wflt5syuby5ypwaqwlmwyigeehlmopl2b2v3lxea33vwoi.car
baga6ea4seaqas76h7sdgpxip6ksf6snwqhb4ycdmso2dcqhicd6ptuljjvm7cfy,34359738368,45c26ee52244ef9623333eb992d7a067_baga6ea4seaqas76h7sdgpxip6ksf6snwqhb4ycdmso2dcqhicd6ptuljjvm7cfy.car
baga6ea4seaqn555zmtpmcgfbianczuaggljp7vaujznveqlbdjd3opn5e5h4mey,34359738368,772575c7cb9335e6239ba1e2445cf919_baga6ea4seaqn555zmtpmcgfbianczuaggljp7vaujznveqlbdjd3opn5e5h4mey.car
baga6ea4seaqpilrzhduloassolddhalwf54vixuums6ocrqzo3uuzvla442juaa,34359738368,6534cfd7e1923459d33e76ee52fa0c65_baga6ea4seaqpilrzhduloassolddhalwf54vixuums6ocrqzo3uuzvla442juaa.car
baga6ea4seaqnkkqzcl5scc2ontnvxo5bye4qk4aafcgj4zw3htiaztewo4wymbi,34359738368,5a314290eb3a66f2684d12055ae54307_baga6ea4seaqnkkqzcl5scc2ontnvxo5bye4qk4aafcgj4zw3htiaztewo4wymbi.car
